Date,Close/Last,Open,High,Low
07/05/2024,465.0758,468.9903,469.937,461.9273
07/03/2024,467.0909,457.3616,469.8444,456.4637
07/02/2024,452.6402,447.1168,455.2006,446.3567
07/01/2024,443.2176,446.6093,448.5056,442.4779
06/28/2024,445.4215,459.4902,461.6365,442.0227
06/27/2024,458.2221,452.2239,458.9989,449.3635
06/26/2024,455.0454,453.4423,457.8564,451.377
06/25/2024,446.3894,449.7285,450.1411,444.5583
06/24/2024,451.0097,449.9227,455.081,447.7813
06/21/2024,449.7401,451.3793,453.0571,447.295
06/20/2024,452.471,458.8336,459.1019,451.23
06/18/2024,465.3845,463.7684,467.3367,462.2866
06/17/2024,466.8829,469.8593,470.3834,459.2301
06/14/2024,471.3639,483.0778,484.5612,471.1095
06/13/2024,488.1001,498.2576,501.047,485.931
06/12/2024,497.7213,504.258,509.4363,495.5134
06/11/2024,490.4424,485.2795,490.9371,479.474
06/10/2024,488.8034,476.6081,490.929,474.884
06/07/2024,479.1505,482.2051,488.6626,475.9556
06/06/2024,490.0769,489.9771,492.9004,485.8464
06/05/2024,493.9117,485.516,494.6889,482.5825
06/04/2024,482.2673,487.8424,489.307,481.2426
06/03/2024,489.9536,497.4932,500.2419,486.9319
05/31/2024,491.3763,495.3966,500.9607,479.9461
05/30/2024,494.0466,485.8631,495.1224,485.7279
05/29/2024,484.3393,483.714,489.253,483.223
05/28/2024,493.6388,497.2746,499.3251,490.6876
05/24/2024,492.8121,475.7128,492.885,475.4891
05/23/2024,472.015,484.813,485.5966,469.7177
05/22/2024,485.8438,462.962,489.829,462.962
05/21/2024,463.3917,455.6536,463.6759,455.6536
05/20/2024,458.51,458.5418,458.6764,453.4363
05/17/2024,458.7776,459.1282,462.4168,456.1787
05/16/2024,459.4983,462.3782,463.3183,458.1314
05/15/2024,460.8371,472.6095,472.6095,455.7687
05/14/2024,463.1929,464.8894,469.9865,459.5245
05/13/2024,450.6033,447.235,457.4837,447.235
05/10/2024,443.4756,457.0239,458.4297,443.066
05/09/2024,452.3163,447.5337,452.8661,443.1977
05/08/2024,449.1472,442.8338,449.3034,441.937
05/07/2024,451.5946,456.6003,459.6622,451.564
05/06/2024,456.4158,452.2795,457.0126,452.2077
05/03/2024,448.8367,447.3106,453.827,444.0693
05/02/2024,433.9407,427.3366,434.8645,418.5566
05/01/2024,421.3627,421.6483,435.7082,418.5264
04/30/2024,421.7376,426.5888,429.9941,421.7244
04/29/2024,433.5917,427.1845,435.1122,425.9624
04/26/2024,418.3435,412.5061,421.6523,411.2169
04/25/2024,410.7708,406.9734,411.9349,400.6436
04/24/2024,411.8051,415.5544,419.5354,407.4628
04/23/2024,408.2319,398.3921,411.8565,398.3921
04/22/2024,399.3373,396.2189,401.838,391.5166
04/19/2024,397.7143,399.4363,402.9663,395.9175
04/18/2024,401.336,404.8845,409.1392,398.4718
04/17/2024,407.1839,407.1093,413.3386,405.2451
04/16/2024,405.3902,406.5281,410.0797,403.0016
04/15/2024,412.9778,426.7699,428.6679,411.804
04/12/2024,427.0273,441.1646,441.922,425.8376
04/11/2024,443.2853,444.3375,446.4956,433.8321
04/10/2024,441.9157,439.6284,442.8578,436.5549
04/09/2024,453.0443,446.0654,453.5506,445.3318
04/08/2024,442.0544,437.5552,445.5839,437.00
04/05/2024,433.2027,431.6142,437.2652,430.1861
04/04/2024,436.8662,446.1034,453.182,435.2944
04/03/2024,440.2589,432.3526,440.4028,430.4201
04/02/2024,435.9656,440.6944,441.5752,434.9172
04/01/2024,451.6968,455.9819,456.4435,447.6911
03/28/2024,453.0482,453.6006,458.3242,450.8057
03/27/2024,452.6924,436.3623,452.8123,435.6679
03/26/2024,431.3969,438.6238,439.3616,431.2376
03/25/2024,433.8686,435.803,442.1679,433.2317
03/22/2024,435.9895,437.5398,439.3545,434.0161
03/21/2024,441.7486,441.3327,448.5468,440.6987
03/20/2024,437.4842,424.2928,440.8133,423.6336
03/19/2024,425.472,423.7512,428.1902,422.8934
03/18/2024,429.5344,429.1962,433.1355,422.6488
03/15/2024,426.098,424.8457,428.1677,422.7858
03/14/2024,427.1203,441.0935,441.8149,423.5678
03/13/2024,443.9203,447.7514,454.4151,443.3255
03/12/2024,453.356,460.0343,461.0245,449.5115
03/11/2024,460.1779,459.3417,467.6721,459.0019
03/08/2024,459.7027,469.2752,473.2944,459.6576
03/07/2024,463.5878,454.0188,466.7231,453.3111
03/06/2024,451.0706,449.2454,455.2845,442.5018
03/05/2024,443.1874,451.228,451.90,442.6346
03/04/2024,457.3661,467.7801,468.1131,455.181
03/01/2024,468.7726,460.0221,471.6446,456.5155
02/29/2024,460.1548,459.1424,467.4236,454.2133
02/28/2024,452.6977,451.6157,457.9634,449.3804
02/27/2024,452.5727,453.9076,455.1894,449.3223
02/26/2024,446.2878,439.8111,450.0416,439.0343
02/23/2024,438.6314,445.8933,446.6557,437.7142
02/22/2024,449.4677,460.3173,460.3173,448.9749
02/21/2024,467.5913,464.6552,469.6605,463.4283
02/20/2024,472.7286,476.5417,480.2168,467.8248
02/16/2024,484.2759,487.3565,490.8018,481.3821
02/15/2024,489.872,485.5626,492.7771,483.555
02/14/2024,480.4553,472.7071,480.6219,469.7421
02/13/2024,463.339,466.9914,471.5088,459.9186
02/12/2024,488.5374,478.78,495.5484,478.6303
02/09/2024,479.6305,472.3852,481.0524,471.2453
02/08/2024,469.011,461.7623,470.941,459.7903
02/07/2024,462.2285,466.843,467.2768,454.9029
02/06/2024,454.8922,444.1436,454.9955,443.028
02/05/2024,445.7613,450.2272,451.4336,439.9444
02/02/2024,455.7231,452.34,457.599,448.249
02/01/2024,462.5379,463.3091,469.1771,453.3773
01/31/2024,454.3853,461.528,474.3769,453.6995
01/30/2024,464.2713,471.3174,470.8419,464.2025
01/29/2024,471.3174,455.8122,471.4699,451.9704
01/26/2024,456.138,461.147,464.5495,455.58
01/25/2024,458.513,463.8478,465.131,452.9975
01/24/2024,464.8614,482.0643,482.6143,464.1379
01/23/2024,474.7416,480.1351,483.0182,469.5828
01/22/2024,468.005,461.8147,480.2939,460.409
01/19/2024,456.5486,455.5424,458.2798,445.7161
01/18/2024,455.4851,462.8457,462.8457,449.4123
01/17/2024,457.745,457.4065,460.863,452.7179
01/16/2024,470.0919,476.1561,477.4115,468.6874
01/12/2024,481.0827,491.8021,496.8098,479.7357
01/11/2024,490.3952,497.6227,498.7958,484.4057
01/10/2024,501.2263,504.8129,505.2374,494.094
01/09/2024,507.1659,505.5353,512.3067,502.7713
01/08/2024,513.0691,505.1774,514.3287,502.4637
01/05/2024,506.4785,504.8695,518.0837,504.2515
01/04/2024,510.2261,515.1129,517.8094,510.0171
01/03/2024,522.4185,528.2293,530.0559,514.8983
01/02/2024,542.3712,542.6535,552.7354,538.5774
12/29/2023,552.079,560.157,561.4915,550.7934
12/28/2023,561.9915,563.7298,567.9255,560.4032
12/27/2023,565.2246,568.385,569.1359,562.5778
12/26/2023,565.901,559.5329,568.4615,559.0481
12/22/2023,556.3441,555.9283,561.0498,552.0251
12/21/2023,554.291,549.9782,555.7541,548.2497
12/20/2023,538.3131,558.9124,562.0192,538.0139
12/19/2023,562.9428,555.0466,564.7871,553.5142
12/18/2023,549.1893,549.4208,554.7288,544.4732
12/15/2023,553.7631,559.829,560.1477,546.6613
12/14/2023,553.1886,532.5474,558.8275,532.4643
12/13/2023,513.8773,483.3044,513.9364,481.883
12/12/2023,484.8793,491.7907,491.9775,478.6935
12/11/2023,495.4321,490.1988,496.5882,489.4147
12/08/2023,493.4898,493.9081,501.7913,489.3752
12/07/2023,493.2272,486.528,493.9884,485.5227
12/06/2023,485.2632,489.915,499.7053,484.7152
12/05/2023,484.1841,490.2875,492.637,483.8264
12/04/2023,494.4244,493.4164,501.6169,490.6792
12/01/2023,496.9464,474.8087,497.2365,471.4069
11/30/2023,477.9087,483.2171,483.5444,473.9063
11/29/2023,480.5016,483.2831,493.3766,479.4724
11/28/2023,474.8201,464.8767,475.0384,460.512
11/27/2023,464.7712,466.4145,469.0455,461.5658
11/24/2023,470.2674,468.2354,473.3075,466.4942
11/22/2023,469.4074,472.4805,473.7762,467.084
11/21/2023,468.5609,475.6326,477.2413,467.4119
11/20/2023,479.5497,472.1486,482.091,468.6039
11/17/2023,471.4023,469.0765,471.5574,462.9217
11/16/2023,466.9999,475.0391,475.7312,463.6331
11/15/2023,478.1884,472.4351,491.2816,471.3419
11/14/2023,469.0297,452.2984,469.7495,451.5734
11/13/2023,433.9168,428.0029,436.6933,425.0193
11/10/2023,431.567,426.9526,431.567,423.5957
11/09/2023,430.8725,449.8823,450.3239,429.7114
11/08/2023,447.512,456.6645,456.8739,442.5754
11/07/2023,458.4477,455.1799,459.2186,450.5124
11/06/2023,456.1409,472.1365,472.2005,451.551
11/03/2023,469.8527,468.9963,479.4419,467.4643
11/02/2023,459.2449,445.2829,460.5212,445.1629
11/01/2023,437.0986,440.9119,440.9646,428.9718
10/31/2023,439.2593,434.3837,440.0135,432.7726
10/30/2023,434.1821,449.491,452.2508,431.2747
10/27/2023,452.4038,464.8898,464.9404,451.086
10/26/2023,464.1274,469.398,473.0749,461.7398
10/25/2023,465.4096,472.0555,472.1558,464.6051
10/24/2023,479.0208,477.5768,485.6796,476.0206
10/23/2023,470.9048,468.5209,479.8598,460.6406
10/20/2023,473.8288,476.7561,484.8918,473.1057
10/19/2023,492.7907,506.8634,508.0476,490.5041
10/18/2023,512.1863,528.2696,528.3014,510.8068
10/17/2023,537.56,522.8113,542.5955,522.8113
10/16/2023,531.3669,522.3562,533.5837,520.8838
10/13/2023,521.0789,533.221,533.4358,519.2968
10/12/2023,530.9476,544.3463,544.4921,526.0991
10/11/2023,540.2215,544.5877,547.8869,533.6336
10/10/2023,537.6499,516.6153,539.0339,516.5099
10/09/2023,513.4235,512.1949,517.0271,505.4089
10/06/2023,520.3709,502.3839,522.0623,501.7963
10/05/2023,509.1243,524.6448,525.9916,507.4447
10/04/2023,533.0389,520.9053,534.0797,517.4848
10/03/2023,520.8518,533.4392,534.4216,518.7829
10/02/2023,541.5555,554.4567,556.4839,537.6352
09/29/2023,558.255,565.6812,569.8758,554.6521
09/28/2023,556.3714,552.9413,560.1293,544.0429
09/27/2023,552.3257,558.106,559.442,546.2785
09/26/2023,554.505,557.115,563.3652,553.5483
09/25/2023,562.2989,555.6561,565.4958,553.0941
09/22/2023,558.9056,569.6425,571.4668,558.566
09/21/2023,564.1672,571.7555,573.7454,564.1185
09/20/2023,581.0583,591.3561,595.3097,580.9027
09/19/2023,588.6589,589.2864,594.7804,585.0797
09/18/2023,590.2429,597.7796,598.5538,590.0056
09/15/2023,602.6132,610.3305,611.7564,599.3753
09/14/2023,611.2456,605.1437,612.2863,601.968
09/13/2023,599.4145,604.7854,608.1076,597.5826
09/12/2023,605.0317,599.2739,612.1353,598.4599
09/11/2023,603.2726,605.4535,606.5886,596.0518
09/08/2023,596.5588,601.7792,604.3233,592.9606
09/07/2023,601.5478,597.2636,602.0416,589.0485
09/06/2023,609.5738,620.8241,623.006,604.5942
09/05/2023,622.9367,620.6732,626.1185,617.5703
09/01/2023,623.5647,628.7768,633.09,621.7895
08/31/2023,622.5047,624.7628,628.7596,620.8294
08/30/2023,622.8064,621.7243,626.5725,616.7542
08/29/2023,622.9978,596.9452,623.8224,595.2804
08/28/2023,597.8156,597.9678,601.3659,594.1665
08/25/2023,593.2672,587.0454,596.1834,581.9674
08/24/2023,584.8575,604.7083,604.7748,584.8195
08/23/2023,602.4061,590.0371,604.2923,589.118
08/22/2023,591.9851,605.3582,605.3582,588.0923
08/21/2023,596.9857,591.8043,598.8202,590.7742
08/18/2023,588.9397,580.4789,591.6712,580.179
08/17/2023,590.0062,599.6528,600.0399,589.9497
08/16/2023,602.3865,609.3406,615.4799,602.2327
08/15/2023,615.0188,628.9042,630.3781,614.8547
08/14/2023,633.4259,620.7827,633.9189,615.0211
08/11/2023,629.302,629.4622,631.9664,625.3583
08/10/2023,636.9317,647.4993,652.6219,634.2519
08/09/2023,646.1697,653.1612,656.0705,642.8511
08/08/2023,651.5433,643.1263,651.9846,637.5475
08/07/2023,653.3295,661.7838,661.8894,644.8481
08/04/2023,660.6321,670.167,675.0391,659.3018
08/03/2023,667.8212,670.4473,676.2879,666.7417
08/02/2023,669.0092,681.7375,682.3847,662.0525
08/01/2023,700.8317,707.0949,710.3008,700.0986
07/31/2023,714.5931,709.5441,717.4673,707.6834
07/28/2023,703.8583,700.8201,705.0388,692.3511
07/27/2023,693.3741,714.6155,714.765,690.287
07/26/2023,706.499,697.0745,710.3813,696.8004
07/25/2023,704.8245,710.4047,714.8943,704.6656
07/24/2023,705.7143,704.1237,709.3195,697.3486
07/21/2023,706.6461,716.8359,717.2805,699.685
07/20/2023,711.6434,723.6677,723.9446,709.6627
07/19/2023,735.3029,742.1209,747.9205,733.8802
07/18/2023,737.3192,738.239,746.6926,735.0389
07/17/2023,736.5645,712.9033,739.2438,710.8847
07/14/2023,713.1955,729.2526,731.3217,710.855
07/13/2023,728.8372,723.3289,730.8204,721.61
07/12/2023,718.4349,716.8372,722.726,710.0149
07/11/2023,706.2485,706.3122,709.2333,698.9968
07/10/2023,704.3284,687.8111,704.9363,683.684
07/07/2023,688.1737,676.2255,698.7349,675.0805
07/06/2023,668.8664,672.3823,674.9593,657.9943
07/05/2023,683.5236,686.8045,691.3453,680.3954
07/03/2023,686.7289,681.042,693.8668,681.0286
06/30/2023,670.7344,662.0368,672.9721,658.5024
06/29/2023,655.5907,649.0131,658.6756,647.5215
06/28/2023,647.1758,642.0995,653.6551,640.7417
06/27/2023,646.2106,634.511,646.6454,628.9156
06/26/2023,629.6401,632.0418,645.4238,629.3961
06/23/2023,630.4411,634.4759,636.3368,629.0817
06/22/2023,645.248,643.8734,649.37,634.8356
06/21/2023,651.4712,659.7278,664.1781,649.4885
06/20/2023,662.8948,666.979,670.0587,653.9414
06/16/2023,668.146,679.1803,679.6186,663.8246
06/15/2023,675.151,662.3486,677.8642,662.0908
06/14/2023,671.7396,683.4217,684.0722,664.9435
06/13/2023,681.5712,673.2503,682.3549,671.1381
06/12/2023,664.8676,654.211,665.9775,648.1165
06/09/2023,652.2433,665.5377,667.1445,651.4004
06/08/2023,658.2196,656.7459,660.2135,652.1576
06/07/2023,656.3472,657.8009,667.8993,655.1826
06/06/2023,651.9376,636.1644,656.3435,635.4371
06/05/2023,640.3568,645.4767,646.5536,636.2178
06/02/2023,644.3393,647.8383,648.3496,635.7262
06/01/2023,635.7682,624.2422,639.905,618.5676
05/31/2023,626.3918,628.8718,633.0275,615.8521
05/30/2023,634.8238,641.4726,646.9201,628.6807
05/26/2023,629.4752,619.4308,632.8811,617.1206
05/25/2023,616.5943,617.4769,618.8835,608.5282
05/24/2023,614.5063,615.491,618.2586,606.3627
05/23/2023,625.0836,623.3175,637.9603,622.6014
05/22/2023,628.3313,614.4078,630.2766,614.0855
05/19/2023,612.8269,621.3409,624.6534,609.8439
05/18/2023,620.016,619.7403,622.0557,612.9662
05/17/2023,619.9539,609.3633,622.1833,605.4825
05/16/2023,606.6047,613.2881,616.3078,606.5311
05/15/2023,618.2316,609.9612,624.9147,609.2603
05/12/2023,610.7357,610.152,621.1021,602.9647
05/11/2023,598.242,598.3785,600.9159,592.3592
05/10/2023,598.2793,603.4069,606.7132,594.2642
05/09/2023,593.8374,590.6136,594.8067,587.0213
05/08/2023,597.4335,597.2408,600.8847,589.326
05/05/2023,591.7724,578.3206,593.584,578.3206
05/04/2023,569.1257,576.6119,579.0996,567.037
05/03/2023,573.2163,573.0113,584.2417,571.5485
05/02/2023,571.8719,579.434,580.518,568.7132
05/01/2023,582.2556,590.3146,592.9006,579.6427
04/28/2023,587.7665,581.5341,587.8557,572.4421
04/27/2023,589.2075,581.966,591.7348,578.5725
04/26/2023,581.1299,593.2093,595.3615,578.5401
04/25/2023,607.9904,618.1726,619.5109,607.9904
04/24/2023,627.3457,622.6517,628.0865,618.2462
04/21/2023,624.1667,628.7742,629.0736,621.3148
04/20/2023,630.956,625.0337,637.8939,625.0042
04/19/2023,643.9823,644.3903,646.4343,639.7842
04/18/2023,653.5042,658.2327,660.33,647.8382
04/17/2023,657.1093,643.5847,657.3151,643.2729
04/14/2023,642.0686,647.144,652.051,635.2925
04/13/2023,650.4411,640.9292,654.4139,639.2891
04/12/2023,636.8147,656.9144,659.7867,636.529
04/11/2023,646.5921,643.1865,649.4734,640.9963
04/10/2023,639.6747,621.6239,639.8529,618.9268
04/06/2023,627.644,626.5946,631.2801,621.053
04/05/2023,632.082,645.1008,647.8517,624.9069
04/04/2023,652.8085,666.5647,666.5647,647.7669
04/03/2023,666.5064,681.6185,684.5584,660.3801
03/31/2023,682.6738,668.1215,685.5669,668.1215
03/30/2023,665.0867,672.3145,678.6166,663.8129
03/29/2023,659.7427,646.8756,660.8527,640.7732
03/28/2023,637.6728,643.7697,643.7949,632.5117
03/27/2023,642.8615,650.3629,651.4187,636.1501
03/24/2023,643.7869,643.7602,645.6759,632.7735
03/23/2023,650.521,653.1536,673.0257,642.3525
03/22/2023,643.7881,663.2004,668.1036,643.3007
03/21/2023,661.2344,646.7796,664.1703,646.6412
03/20/2023,634.0552,624.3446,638.4551,618.2141
03/17/2023,624.5461,641.2779,641.848,616.9603
03/16/2023,645.643,636.7904,647.9963,628.0322
03/15/2023,641.6975,647.8056,649.6429,629.1632
03/14/2023,663.797,671.6903,677.9058,654.7649
03/13/2023,655.236,641.8071,664.3568,634.2292
03/10/2023,656.3236,677.7567,680.1633,649.6953
03/09/2023,678.5076,699.8456,708.7241,678.1477
03/08/2023,700.1845,695.8742,701.5609,688.717
03/07/2023,695.4833,704.3975,709.8158,692.6381
03/06/2023,709.7251,715.6637,722.7382,707.2557
03/03/2023,712.6763,693.9953,716.3749,691.6236
03/02/2023,689.1454,680.876,690.2316,669.4899
03/01/2023,699.8605,703.7217,708.4845,695.8694
02/28/2023,702.8532,698.6973,710.4955,695.8716
02/27/2023,699.103,689.6351,703.6742,688.8608
02/24/2023,679.703,681.6392,682.902,673.8399
02/23/2023,697.1905,704.1193,704.6599,680.5878
02/22/2023,697.2274,697.3667,703.3704,687.412
02/21/2023,694.5031,717.0862,721.7074,694.2684
02/17/2023,726.9355,735.0519,735.0519,715.4374
02/16/2023,739.9358,751.2214,765.3287,739.6737
02/15/2023,762.8045,733.8963,763.022,731.9078
02/14/2023,736.7414,711.8813,738.3756,709.2474
02/13/2023,725.6241,718.4763,729.6659,710.8747
02/10/2023,718.0951,719.0139,723.764,707.5086
02/09/2023,726.3175,750.9905,757.7646,721.6935
02/08/2023,739.2717,753.1865,759.6317,738.2262
02/07/2023,749.9398,744.6492,752.5391,729.2153
02/06/2023,744.4763,743.3436,755.1482,739.5117
02/03/2023,749.7524,746.1104,768.9372,745.4614
02/02/2023,765.0693,765.2315,777.7334,753.3848
02/01/2023,752.2569,735.4166,761.2649,722.3011
01/31/2023,732.7969,708.2857,732.7969,708.1759
01/30/2023,706.4107,723.0735,728.7615,705.8369
01/27/2023,731.5675,697.6362,751.4606,697.6362
01/26/2023,701.5028,713.1539,714.0116,689.4669
01/25/2023,695.5861,680.6761,697.6227,672.199
01/24/2023,697.7164,696.4216,702.9575,690.0475
01/23/2023,704.8127,675.4436,707.1161,671.7547
01/20/2023,669.6419,657.8069,670.0932,652.5567
01/19/2023,650.7567,674.9062,677.7064,645.9294
01/18/2023,684.6186,697.4462,706.3191,680.9943
01/17/2023,687.0285,682.2356,691.5634,680.6408
01/13/2023,677.6892,663.9807,677.89,661.1075
01/12/2023,676.1533,668.492,676.2756,653.3811
01/11/2023,661.452,640.2836,661.5917,637.9934
01/10/2023,636.2003,622.8573,636.2301,615.7891
01/09/2023,624.6968,621.2515,635.9507,619.0175
01/06/2023,609.6387,597.3273,612.6543,587.7064
01/05/2023,596.1126,606.9987,609.0259,595.3294
01/04/2023,614.8089,606.5829,617.4488,601.6241
01/03/2023,599.7874,627.2745,627.2745,594.6026
12/30/2022,617.3999,608.0046,617.8058,605.1543
12/29/2022,616.2548,609.8416,621.0463,605.8426
12/28/2022,597.8183,602.8529,610.3087,595.0346
12/27/2022,605.7827,627.0333,627.3316,605.4787
12/23/2022,634.0666,637.6683,640.3173,625.5081
12/22/2022,639.6161,658.3589,658.7116,626.9707
12/21/2022,667.9494,660.6561,670.5373,651.3952
12/20/2022,657.8996,658.737,674.8386,653.8312
12/19/2022,664.2446,682.2334,682.8723,660.0709
12/16/2022,681.3272,691.531,695.8659,675.3822
12/15/2022,696.0999,708.2879,717.0162,694.5907
12/14/2022,720.6069,727.473,734.0754,714.9803
12/13/2022,725.385,743.6469,749.1634,716.522
12/12/2022,715.9077,708.8401,721.8051,705.6885
12/09/2022,714.6953,717.7252,725.7402,713.63
12/08/2022,722.7475,723.3481,731.6231,715.7862
12/07/2022,716.7988,712.8451,725.3203,709.1398
12/06/2022,716.0595,745.7896,746.7995,710.5498
12/05/2022,748.577,766.5455,767.7211,746.1946
12/02/2022,769.517,744.6437,771.9836,744.2032
12/01/2022,756.9567,771.1711,772.0375,747.6346
11/30/2022,770.6504,738.3177,770.7772,732.4611
11/29/2022,731.3554,741.3186,746.6208,731.3182
11/28/2022,735.8459,749.8497,752.1725,733.7736
11/25/2022,759.8051,759.2155,762.8575,753.9059
11/23/2022,764.918,755.9643,766.1921,755.0282
11/22/2022,754.667,743.1131,755.0153,737.0763
11/21/2022,741.6799,744.4429,748.858,738.3158
11/18/2022,756.6359,769.2731,769.7868,748.028
11/17/2022,759.8463,746.0971,763.3211,739.9107
11/16/2022,764.6835,772.5692,779.2251,761.7631
11/15/2022,785.1944,790.2434,796.9695,780.3615
11/14/2022,775.5863,784.857,788.732,763.4843
11/11/2022,789.0785,778.7568,800.771,772.6907
11/10/2022,777.5835,748.585,778.4702,738.9235
11/09/2022,707.9778,724.0523,737.6224,706.297
11/08/2022,732.6388,724.0613,740.9116,716.8911
11/07/2022,712.7827,725.594,727.7423,704.5103
11/04/2022,720.4252,738.0013,740.4112,703.3065
11/03/2022,715.3702,692.3966,727.1634,691.6925
11/02/2022,703.3322,731.3547,741.5817,702.9844
11/01/2022,732.4807,759.2222,759.3155,732.3901
10/31/2022,737.7645,733.673,744.6094,726.3716
10/28/2022,739.7398,733.1883,740.56,720.5088
10/27/2022,734.5122,740.7358,745.5346,726.7361
10/26/2022,738.656,733.4595,756.2519,729.8607
10/25/2022,727.1029,695.8104,730.439,695.8023
10/24/2022,691.7243,692.6264,694.0365,671.208
10/21/2022,697.0216,671.6667,698.7168,663.5893
10/20/2022,672.739,680.3393,691.8816,667.528
10/19/2022,685.3651,685.4418,691.6478,677.9452
10/18/2022,696.929,707.4295,710.1971,685.5773
10/17/2022,682.271,677.9798,692.1074,677.1434
10/14/2022,657.1091,702.4939,708.4201,656.2222
10/13/2022,696.6703,657.9873,699.4054,652.4092
10/12/2022,687.1744,708.4547,708.8886,684.5539
10/11/2022,706.5539,704.9919,719.0019,692.2686
10/10/2022,713.8249,719.2287,720.7585,700.9564
10/07/2022,724.9231,745.7975,747.1506,719.4894
10/06/2022,760.721,770.9728,786.8083,757.0547
10/05/2022,770.6277,782.1782,784.5781,750.7627
10/04/2022,795.6759,786.3571,801.1332,782.9058
10/03/2022,756.5744,748.9627,763.9098,732.8528
09/30/2022,744.1296,740.7782,767.4667,739.0774
09/29/2022,746.3585,778.4268,781.4888,736.772
09/28/2022,790.1446,768.0469,793.8375,763.6643
09/27/2022,772.1452,780.7966,788.0899,762.948
09/26/2022,758.8697,767.3623,789.579,758.528
09/23/2022,770.2107,774.3589,775.8729,755.2402
09/22/2022,790.8969,830.7995,833.3138,785.1751
09/21/2022,831.8911,839.5971,864.1401,831.5049
09/20/2022,836.3227,859.1361,861.4462,835.5878
09/19/2022,864.3645,849.7639,867.038,849.3658
09/16/2022,860.5607,850.9641,860.9945,842.4466
09/15/2022,867.003,877.7725,891.2972,862.0005
09/14/2022,887.4679,865.6365,887.8991,854.668
09/13/2022,866.6912,856.3562,880.9957,852.3991
09/12/2022,887.3568,875.7893,887.9214,869.031
09/09/2022,875.8396,872.5367,878.8336,865.3827
09/08/2022,863.0933,843.571,863.0933,839.9982
09/07/2022,849.3902,809.3032,851.7522,808.8477
09/06/2022,810.4878,808.3591,817.6213,793.4465
09/02/2022,803.3777,826.2752,826.3941,800.4222
09/01/2022,816.9214,819.0853,825.5866,795.0906
08/31/2022,838.0028,841.0158,847.9826,826.5515
08/30/2022,835.2989,857.6642,862.6185,822.4594
08/29/2022,847.7117,844.6163,865.076,844.1604
08/26/2022,858.3788,891.0471,897.3371,857.3149
08/25/2022,886.7519,876.3649,886.782,869.5966
08/24/2022,860.2713,840.3945,867.1595,840.1544
08/23/2022,838.1466,837.2649,846.2788,826.9018
08/22/2022,831.9856,825.4427,837.8846,823.1289
08/19/2022,848.0988,863.5061,866.4597,841.5841
08/18/2022,880.3988,866.8745,885.1959,864.7188
08/17/2022,861.5796,864.3203,872.1167,850.9963
08/16/2022,878.4869,888.4448,890.4975,871.038
08/15/2022,895.0813,882.278,901.7761,878.8689
08/12/2022,892.1067,862.6766,892.1067,855.6252
08/11/2022,860.0666,875.4589,882.0216,859.4126
08/10/2022,867.0816,844.6347,867.4863,833.2194
08/09/2022,821.3745,822.8116,832.9597,815.7243
08/08/2022,837.5829,849.877,864.3496,835.7447
08/05/2022,834.8699,830.0829,847.2044,818.6006
08/04/2022,831.7433,822.2118,835.5845,819.0837
08/03/2022,820.0993,817.8526,821.4689,799.927
08/02/2022,821.4949,795.8687,834.4815,795.8687
08/01/2022,804.7493,806.2147,817.8966,798.3244
07/29/2022,814.3245,787.7784,817.2875,786.815
07/28/2022,792.3638,781.6644,798.5147,766.872
07/27/2022,748.4292,726.307,751.0074,721.7128
07/26/2022,708.4556,718.877,721.0474,706.4235
07/25/2022,721.8181,712.665,722.0969,704.0534
07/22/2022,713.5901,737.4524,739.8046,708.3129
07/21/2022,734.1308,725.5977,734.2011,715.8716
07/20/2022,723.8797,709.3104,726.1694,707.6331
07/19/2022,708.5573,698.3825,709.8947,690.1362
07/18/2022,690.6579,694.4769,708.9849,688.0228
07/15/2022,681.0209,679.9693,681.2685,653.138
07/14/2022,684.0958,676.192,684.2921,661.7947
07/13/2022,681.0669,661.3595,689.9584,656.3364
07/12/2022,675.466,689.5081,691.1336,668.3032
07/11/2022,686.9493,714.7488,716.908,686.3086
07/08/2022,723.8984,702.6996,731.6623,701.2647
07/07/2022,713.66,684.3463,718.1534,684.2644
07/06/2022,673.716,679.9927,686.7471,662.8685
07/05/2022,682.1606,663.7192,682.2966,646.8934
07/01/2022,677.9545,683.2165,691.4701,668.1445
06/30/2022,683.0585,670.837,691.5243,661.6342
06/29/2022,678.5778,689.6739,689.8032,666.6566
06/28/2022,700.5448,731.5244,737.9684,699.8294
06/27/2022,730.7769,731.049,739.5266,720.0737
06/24/2022,725.8567,714.3923,726.9803,710.4883
06/23/2022,707.5226,696.5051,709.401,686.906
06/22/2022,692.6371,681.9661,705.3887,681.9661
06/21/2022,697.245,688.6526,709.1729,688.0841
06/17/2022,673.5448,648.4831,679.365,648.3669
06/16/2022,641.8395,666.2379,672.1324,633.436
06/15/2022,689.1912,672.4744,698.1821,667.0485
06/14/2022,667.9217,665.4387,675.9075,658.6254
06/13/2022,659.2694,687.7281,690.0177,653.8999
06/10/2022,713.4725,723.3342,731.6331,707.6904
06/09/2022,734.2922,751.8515,760.0025,734.2795
06/08/2022,757.2705,765.8149,776.6404,751.9955
06/07/2022,766.4541,751.215,767.3008,747.1124
06/06/2022,759.8728,764.2643,771.673,750.9181
06/03/2022,736.5268,733.0516,748.498,727.7873
06/02/2022,752.3989,711.5155,755.1823,710.7026
06/01/2022,711.8981,729.0794,735.2471,703.8117
05/31/2022,729.5155,743.0543,744.1526,721.762
05/27/2022,740.7321,712.19,740.7593,712.0146
05/26/2022,705.1804,666.9528,709.1997,665.8363
05/25/2022,669.4296,655.1076,674.454,650.3352
05/24/2022,656.7684,668.5993,669.479,648.5004
05/23/2022,679.7959,673.4904,680.3462,658.0041
05/20/2022,675.0978,692.1664,693.8501,649.0995
05/19/2022,680.9917,663.8706,693.4358,661.0972
05/18/2022,662.5492,671.2955,693.744,658.6442
05/17/2022,680.5615,658.2029,680.6609,655.7613
05/16/2022,641.0928,648.9533,662.9799,639.7364
05/13/2022,654.5812,627.3466,660.2037,627.2716
05/12/2022,610.1663,592.6047,627.0197,578.5701
05/11/2022,602.443,636.2791,647.7435,600.9366
05/10/2022,640.3052,658.1076,666.1902,619.4081
05/09/2022,640.4178,678.4346,681.2102,637.0658
05/06/2022,696.4083,714.0792,714.7532,683.5639
05/05/2022,716.9646,748.1289,753.5772,706.8849
05/04/2022,757.6052,719.6567,758.4068,712.5524
05/03/2022,713.2854,696.8029,720.2499,694.1445
05/02/2022,700.3004,681.44,700.6227,672.97
04/29/2022,682.9235,699.9985,720.3525,682.3042
04/28/2022,698.2274,695.3922,703.3556,666.8777
04/27/2022,686.285,686.7014,709.6658,684.6858
04/26/2022,679.0638,710.1501,711.0006,679.0638
04/25/2022,713.7553,693.3466,714.0518,690.7597
04/22/2022,707.6943,722.9143,735.4211,705.6055
04/21/2022,721.8118,777.7285,784.8055,717.6112
04/20/2022,762.38,796.0534,797.182,762.1953
04/19/2022,791.3946,770.7817,792.1694,762.6522
04/18/2022,769.8231,770.9278,776.7856,761.2269
04/14/2022,772.245,789.8413,794.7175,771.949
04/13/2022,791.718,771.9319,792.4847,765.5109
04/12/2022,769.5362,787.5769,797.8975,766.6991
04/11/2022,773.7347,772.1958,786.6581,761.1236
04/08/2022,786.4182,802.2772,803.7651,784.2677
04/07/2022,807.0767,814.7732,823.9432,787.9386
04/06/2022,813.3506,828.4552,831.7822,802.5785
04/05/2022,841.1546,880.0207,880.8884,839.4581
04/04/2022,880.519,855.5562,881.5399,855.5562
04/01/2022,849.1307,853.6746,862.6573,839.1581
03/31/2022,844.994,853.7908,861.6945,844.9208
03/30/2022,852.5063,863.1527,878.3586,847.5379
03/29/2022,868.552,853.6846,870.0307,843.3936
03/28/2022,846.2287,837.0896,852.0222,827.1942
03/25/2022,834.3333,843.4049,844.118,818.6367
03/24/2022,848.4167,831.5411,848.4167,818.058
03/23/2022,825.8922,821.2451,848.2664,817.8612
03/22/2022,830.3032,808.2087,834.6683,806.7169
03/21/2022,806.9202,809.0496,819.585,792.3963
03/18/2022,811.6955,786.5982,813.4172,785.4427
03/17/2022,791.8139,770.0191,791.9086,765.7541
03/16/2022,778.1012,741.768,778.3371,741.768
03/15/2022,731.0126,701.2544,731.6081,689.0008
03/14/2022,703.8694,740.4949,741.7807,699.4499
03/11/2022,748.2968,780.6523,786.4967,748.00
03/10/2022,773.9569,778.7033,778.7375,754.7861
03/09/2022,788.791,776.912,791.3593,766.8862
03/08/2022,765.3454,729.0963,783.643,726.8933
03/07/2022,726.1932,743.4412,753.7252,726.1066
03/04/2022,733.6078,747.79,755.0623,723.9352
03/03/2022,750.2895,775.5522,776.165,745.9023
03/02/2022,772.1762,770.0413,774.5505,752.5546
03/01/2022,769.4896,779.337,783.9467,760.2546
02/28/2022,781.2556,751.5532,787.2818,751.5532
02/25/2022,745.1784,730.3519,745.2343,712.8301
02/24/2022,732.5006,652.4511,733.5835,652.4511
02/23/2022,682.2022,711.934,719.2558,681.2422
02/22/2022,701.6169,714.6721,728.33,693.5316
02/18/2022,726.9564,746.8345,749.7739,718.9047
02/17/2022,744.9198,775.8442,777.0156,744.3559
02/16/2022,785.3425,774.248,787.9319,764.3175
02/15/2022,783.1456,752.3921,783.8557,752.0659
02/14/2022,736.4474,737.1146,754.4101,727.6399
02/11/2022,737.7628,766.5728,772.3874,730.9608
02/10/2022,765.4188,767.9787,796.8015,760.7653
02/09/2022,786.2575,781.1463,786.2683,768.7182
02/08/2022,752.0362,731.1728,753.6877,728.7192
02/07/2022,733.8999,731.4313,750.0886,727.6051
02/04/2022,729.4624,713.8825,735.8978,705.7288
02/03/2022,709.4538,724.229,735.0278,708.1968
02/02/2022,742.489,761.5539,761.5539,733.4047
02/01/2022,756.6705,754.6523,759.2788,734.0115
01/31/2022,748.4312,693.2519,748.5031,693.2362
01/28/2022,685.8735,675.7299,685.9216,652.8164
01/27/2022,677.7708,719.975,720.4789,676.3832
01/26/2022,710.5943,735.5918,748.096,701.8532
01/25/2022,711.7464,719.0934,728.5541,703.3139
01/24/2022,736.0596,708.5653,736.8928,677.4796
01/21/2022,735.1944,757.0136,764.4776,733.841
01/20/2022,767.418,787.0016,809.2152,766.5572
01/19/2022,776.5377,804.5353,808.4038,776.1665
01/18/2022,799.8909,815.079,826.9253,799.1559
01/14/2022,831.7519,819.1092,835.7865,813.5065
01/13/2022,827.3582,863.6323,869.6169,826.3321
01/12/2022,854.2468,859.2416,868.3322,844.2791
01/11/2022,844.5361,825.0505,847.6697,821.6116
01/10/2022,824.6249,817.8321,825.2687,794.5376
01/07/2022,832.1486,844.7067,860.355,827.7174
01/06/2022,842.7493,850.277,857.7695,822.4705
01/05/2022,852.886,897.679,902.6162,852.1978
01/04/2022,904.0414,920.715,922.4712,884.7754
01/03/2022,917.5124,905.3763,918.6927,895.438
12/31/2021,889.4333,890.1789,903.678,889.2173
12/30/2021,892.5512,870.2097,905.0202,870.0447
12/29/2021,873.1606,878.356,878.7831,858.1772
12/28/2021,880.3251,894.4496,896.9499,877.6636
12/27/2021,891.7922,885.1786,892.5447,880.21
12/23/2021,881.2702,872.6401,886.2836,864.405
12/22/2021,870.9913,861.3251,872.4704,857.2528
12/21/2021,863.49,838.8138,863.6968,837.4132
12/20/2021,821.9936,836.1702,837.284,814.8511
12/17/2021,863.2176,846.0938,870.4906,830.5316
12/16/2021,856.7415,906.9846,907.2731,851.221
12/15/2021,892.8776,883.8172,894.1757,848.7592
12/14/2021,884.8516,890.6162,892.7213,873.4471
12/13/2021,911.4473,928.7428,935.6464,906.0094
12/10/2021,930.4828,939.3983,946.7586,918.9222
12/09/2021,930.2965,959.5795,971.3631,929.1259
12/08/2021,965.6651,958.4834,968.521,944.6198
12/07/2021,956.4255,945.6818,962.0925,945.583
12/06/2021,918.8202,913.896,925.6206,878.4456
12/03/2021,918.7635,968.7051,975.7195,907.0041
12/02/2021,966.7072,967.8006,985.2385,953.1265
12/01/2021,971.673,1023.19,1033.88,971.3484
11/30/2021,1008.21,1024.07,1034.47,986.5904
11/29/2021,1031.62,1024.03,1033.05,1007.85
11/26/2021,1006.71,1019.25,1021.48,994.5043
11/24/2021,1041.17,1024.83,1044.08,1009.29
11/23/2021,1034.51,1047.34,1066.34,1015.93
11/22/2021,1050.76,1073.40,1094.96,1044.05
11/19/2021,1057.60,1036.27,1063.55,1034.57
11/18/2021,1034.04,1054.91,1058.03,1021.08
11/17/2021,1050.55,1057.41,1068.12,1043.88
11/16/2021,1059.48,1045.45,1059.86,1037.39
11/15/2021,1049.49,1066.60,1067.73,1038.12
11/12/2021,1066.01,1061.65,1073.98,1057.09
11/11/2021,1058.71,1033.24,1064.11,1025.78
11/10/2021,1018.74,1016.88,1039.07,1003.87
11/09/2021,1036.96,1070.48,1072.68,1024.30
11/08/2021,1069.38,1056.30,1077.42,1055.53
11/05/2021,1052.75,1064.92,1066.98,1041.15
11/04/2021,1065.13,1062.45,1069.24,1051.64
11/03/2021,1052.66,1035.32,1054.11,1028.22
11/02/2021,1045.43,1050.96,1053.39,1035.43
11/01/2021,1054.27,1026.12,1054.36,1025.09
10/29/2021,1012.50,995.1424,1013.58,995.1336
10/28/2021,998.792,956.7167,998.8908,956.1092
10/27/2021,949.3168,954.5101,973.1357,949.2669
10/26/2021,931.7904,950.141,958.2046,925.9065
10/25/2021,945.2205,912.7808,947.4719,912.2767
10/22/2021,903.5294,914.3209,917.6218,897.4794
10/21/2021,915.0656,903.8582,922.9978,903.03
10/20/2021,906.4064,912.266,913.9229,900.3166
10/19/2021,914.2674,902.5564,918.1434,900.4265
10/18/2021,896.2112,874.6045,897.9157,874.0851
10/15/2021,878.7147,882.9251,890.4449,876.1056
10/14/2021,875.8322,883.1488,884.3103,869.5987
10/13/2021,874.2836,864.5583,874.6639,861.1068
10/12/2021,853.8806,839.2762,857.4301,839.0477
10/11/2021,832.582,823.7366,848.0499,823.7366
10/08/2021,821.2501,830.3477,832.5469,820.0574
10/07/2021,828.2805,817.6378,836.2184,817.1713
10/06/2021,806.2748,794.0552,810.3349,790.5064
10/05/2021,804.4277,799.9229,812.379,798.3422
10/04/2021,795.7887,819.721,819.8779,793.2425
10/01/2021,822.7817,826.082,827.5912,810.968
09/30/2021,818.4452,818.6972,829.6157,815.20
09/29/2021,813.2003,829.8154,832.8764,811.2388
09/28/2021,824.7976,841.8603,844.7518,822.954
09/27/2021,852.6779,835.7195,856.1733,826.9058
09/24/2021,838.9995,844.483,845.8365,836.333
09/23/2021,851.3156,852.0159,854.5879,843.7837
09/22/2021,844.4043,830.4093,848.3719,829.5899
09/21/2021,826.9033,829.7751,832.3248,817.5761
09/20/2021,822.6197,832.4071,833.8436,809.4213
09/17/2021,860.253,850.6224,860.8334,843.4733
09/16/2021,851.0891,849.53,853.7813,842.1329
09/15/2021,855.4436,852.7343,855.7859,841.3348
09/14/2021,852.9422,861.4328,868.3902,848.6604
09/13/2021,857.4583,856.2387,857.7019,831.3557
09/10/2021,852.7615,871.5478,882.5981,852.3523
09/09/2021,862.6064,855.9183,872.8113,854.2999
09/08/2021,858.3092,881.9782,883.8014,855.0286
09/07/2021,878.8522,878.835,888.6755,877.3036
09/03/2021,879.2144,886.0769,890.1211,876.3083
09/02/2021,889.0702,884.2287,898.2244,883.8663
09/01/2021,879.4854,875.7583,887.7667,874.2357
08/31/2021,875.2608,875.831,878.7777,864.2148
08/30/2021,875.2961,876.3416,879.0593,867.4662
08/27/2021,870.4727,859.2189,873.4564,857.5862
08/26/2021,856.107,861.9805,875.9781,853.2347
08/25/2021,865.2393,861.1241,871.4928,857.0581
08/24/2021,859.9799,857.3839,862.034,855.0469
08/23/2021,851.2638,834.6712,852.4849,833.3783
08/20/2021,824.7854,811.8115,826.8879,811.8115
08/19/2021,809.6024,812.8743,824.5264,807.4822
08/18/2021,826.6396,826.5397,838.8001,820.2039
08/17/2021,825.1201,825.632,833.9483,810.684
08/16/2021,841.2286,854.1874,855.0944,838.9232
08/13/2021,864.8591,881.7693,882.186,863.105
08/12/2021,884.2602,885.1203,886.3103,871.7007
08/11/2021,889.3501,903.1053,903.8117,873.9395
08/10/2021,900.0981,902.1144,909.6511,896.1229
08/09/2021,895.9369,879.5325,900.7969,874.8494
08/06/2021,877.7015,888.7846,890.1353,873.2421
08/05/2021,886.2527,882.5224,895.8055,878.66
08/04/2021,886.0241,890.5423,899.3937,884.4034
08/03/2021,890.9165,888.4954,894.8686,878.9151
08/02/2021,878.2395,874.2462,892.8916,876.8773
07/30/2021,874.2462,848.901,880.6554,848.901
07/29/2021,859.1996,852.7998,868.2234,850.2883
07/28/2021,845.2124,819.686,850.4238,817.1595
07/27/2021,812.5913,827.5767,830.5819,795.3158
07/26/2021,838.363,838.5422,850.6459,832.6784
07/23/2021,840.77,853.7692,853.9021,829.6712
07/22/2021,855.9797,869.0918,870.3793,848.5995
07/21/2021,867.214,842.7772,868.5569,841.5139
07/20/2021,834.0953,812.1803,838.6367,803.9524
07/19/2021,807.7898,785.4277,808.578,779.5337
07/16/2021,810.005,830.8182,832.9409,807.6941
07/15/2021,824.9604,831.1329,844.6863,813.7823
07/14/2021,832.5824,868.8934,870.2898,831.7346
07/13/2021,864.485,877.6494,879.3457,864.1062
07/12/2021,880.312,870.3782,881.6112,865.4696
07/09/2021,866.1257,859.5049,866.9552,851.6192
07/08/2021,854.7618,838.5308,860.2464,826.6749
07/07/2021,865.8927,898.2185,903.7135,862.3597
07/06/2021,893.00,894.0467,898.8519,882.1445
07/02/2021,894.3412,899.6971,905.3738,887.9059
07/01/2021,896.6369,906.9209,914.3005,889.7475
06/30/2021,905.0217,905.5563,908.673,898.1065
06/29/2021,907.6223,913.0184,922.4502,902.9617
06/28/2021,910.4674,879.683,911.3212,879.6644
06/25/2021,869.3218,871.7541,882.4706,866.8184
06/24/2021,865.212,872.0985,872.0985,860.2031
06/23/2021,861.31,845.4936,865.7975,845.4936
06/22/2021,843.356,836.80,844.1923,830.3089
06/21/2021,838.0312,837.9898,842.9642,823.2713
06/18/2021,838.2403,842.0724,851.7662,831.3603
06/17/2021,850.4665,829.465,852.0008,829.465
06/16/2021,833.2471,825.297,837.9671,822.3817
06/15/2021,825.743,845.9535,846.2771,823.2953
06/14/2021,848.5563,849.8161,857.918,845.5253
06/11/2021,847.0596,836.6354,847.2199,835.1537
06/10/2021,834.4501,829.3338,837.966,825.2622
06/09/2021,830.0118,846.0288,850.7074,829.8896
06/08/2021,840.1825,838.8895,842.7502,822.5554
06/07/2021,828.9801,817.1118,830.7622,808.8117
06/04/2021,819.327,811.6059,825.9917,811.2008
06/03/2021,805.206,815.6117,825.3984,803.2255
06/02/2021,822.1224,823.8506,828.3979,815.5871
06/01/2021,826.1233,824.301,836.7152,815.9966
05/28/2021,817.1108,823.6997,831.6728,815.7103
05/27/2021,819.3877,811.0973,819.859,803.6089
05/26/2021,808.799,786.7128,810.5926,786.2163
05/25/2021,784.0704,793.3221,797.4859,781.6257
05/24/2021,788.7419,787.7313,794.7306,778.9574
05/21/2021,784.5158,787.813,791.9593,777.6069
05/20/2021,780.7431,766.8871,783.5948,766.8871
05/19/2021,759.0165,731.3472,759.1594,729.0007
05/18/2021,748.4021,740.0362,759.8379,733.882
05/17/2021,738.2247,735.8268,740.1217,723.0943
05/14/2021,738.2247,727.4938,749.0181,724.2558
05/13/2021,712.6481,727.4904,739.1131,699.8503
05/12/2021,718.7021,735.1277,746.3803,716.6617
05/11/2021,753.1716,709.5374,759.2068,708.6669
05/10/2021,744.5717,780.6514,780.7813,744.4472
05/07/2021,786.0964,780.2156,799.215,776.253
05/06/2021,773.3338,780.3116,784.531,757.726
05/05/2021,788.0096,798.8258,803.3517,781.7505
05/04/2021,792.4943,809.4161,810.3069,780.6831
05/03/2021,827.8517,850.2985,850.7267,826.823
04/30/2021,847.1888,847.2521,863.4458,844.2689
04/29/2021,862.1372,888.6002,889.158,851.273
04/28/2021,883.5485,884.4023,890.3365,877.8601
04/27/2021,901.9023,916.0657,916.3005,900.9844
04/26/2021,915.2921,898.0831,917.3546,890.9414
04/23/2021,891.7722,870.103,894.6622,866.474
04/22/2021,863.4339,869.2998,884.6089,856.0656
04/21/2021,854.9584,814.0825,855.1368,807.2527
04/20/2021,821.3564,832.4105,843.2454,809.9412
04/19/2021,832.7899,850.6886,860.2698,823.2887
04/16/2021,856.45,843.1014,858.988,840.6108
04/15/2021,842.3178,866.4611,866.4611,827.555
04/14/2021,859.6706,880.8039,883.5842,857.1247
04/13/2021,868.9102,859.5856,869.4964,850.8238
04/12/2021,858.9878,864.6642,864.6642,849.1635
04/09/2021,870.1204,869.5231,871.5656,860.7081
04/08/2021,877.2609,873.1025,884.5198,869.8832
04/07/2021,864.8746,897.2942,897.2942,861.3397
04/06/2021,902.1049,890.8273,912.156,889.4928
04/05/2021,890.2734,921.4885,922.7874,886.9409
04/01/2021,904.2593,914.1247,930.6694,901.9353
03/31/2021,896.3543,876.5971,903.7908,876.4729
03/30/2021,860.1938,819.0533,861.8516,814.6017
03/29/2021,821.4847,854.157,856.4835,814.9668
03/26/2021,860.8411,851.5387,862.9508,829.8889
03/25/2021,845.1942,805.6949,847.9767,801.112
03/24/2021,832.516,878.6498,879.1261,832.3395
03/23/2021,870.5047,898.3184,906.8612,865.2873
03/22/2021,903.7889,901.3157,916.2759,889.9831
03/19/2021,888.5314,869.4303,893.7266,858.5718
03/18/2021,869.1716,908.0658,910.464,867.6197
03/17/2021,925.6768,896.5048,933.4822,889.4368
03/16/2021,927.3709,949.6033,955.1154,918.9472
03/15/2021,956.34,947.1777,959.9994,939.0827
03/12/2021,949.2154,923.4996,952.1472,917.4727
03/11/2021,955.7407,923.3953,956.2022,918.2624
03/10/2021,893.7404,922.3359,937.1663,883.8124
03/09/2021,889.092,848.2991,896.6368,847.5782
03/08/2021,811.5774,844.3394,863.4514,809.6006
03/05/2021,845.084,869.2014,869.3419,770.0916
03/04/2021,856.1342,891.708,914.6906,829.2721
03/03/2021,906.8527,959.5593,967.6727,906.8109
03/02/2021,958.7829,1003.14,1003.14,958.03
03/01/2021,1005.24,982.538,1005.36,977.0196
02/26/2021,955.2232,939.1875,967.2364,917.8287
02/25/2021,932.2645,994.4014,999.408,926.4983
02/24/2021,1006.40,970.1723,1006.73,950.4079
02/23/2021,966.3295,937.217,970.7567,878.1366
02/22/2021,985.0563,1034.11,1036.84,981.8402
02/19/2021,1057.00,1043.95,1073.91,1042.11
02/18/2021,1021.15,1040.22,1050.32,1013.25
02/17/2021,1077.59,1086.35,1092.57,1053.19
02/16/2021,1105.63,1151.84,1153.30,1100.33
02/12/2021,1137.78,1125.40,1140.41,1112.11
02/11/2021,1134.39,1137.14,1143.09,1116.59
02/10/2021,1127.11,1169.34,1176.46,1118.49
02/09/2021,1152.37,1135.73,1157.89,1135.73
02/08/2021,1137.81,1117.66,1139.68,1117.17
02/05/2021,1105.59,1109.94,1111.88,1092.08
02/04/2021,1099.98,1098.45,1104.94,1087.67
02/03/2021,1099.76,1094.71,1105.59,1079.83
02/02/2021,1090.23,1095.60,1099.57,1072.78
02/01/2021,1078.84,1066.80,1080.18,1040.55
01/29/2021,1044.18,1080.87,1092.58,1034.24
01/28/2021,1080.29,1071.19,1085.90,1051.83
01/27/2021,1069.13,1072.56,1104.88,1052.08
01/26/2021,1121.04,1126.95,1137.38,1113.28
01/25/2021,1115.47,1144.61,1169.84,1094.27
01/22/2021,1133.43,1104.73,1134.22,1103.54
01/21/2021,1121.08,1100.24,1123.32,1081.01
01/20/2021,1093.68,1116.68,1119.45,1082.01
01/19/2021,1107.43,1087.29,1108.61,1077.70
01/15/2021,1055.38,1100.60,1104.09,1052.70
01/14/2021,1118.40,1118.18,1131.13,1111.54
01/13/2021,1119.21,1133.81,1138.46,1099.81
01/12/2021,1120.02,1108.46,1121.58,1099.15
01/11/2021,1083.92,1060.02,1095.89,1057.11
01/08/2021,1091.90,1104.88,1107.94,1071.02
01/07/2021,1074.58,1055.87,1081.02,1048.57
01/06/2021,1006.79,979.4164,1031.36,977.9092
01/05/2021,946.6182,917.5639,947.8227,917.4892
01/04/2021,925.7707,938.7593,950.0636,910.9947
12/31/2020,917.4779,918.739,926.0788,911.5968
12/30/2020,914.7657,894.6095,917.1362,894.6095
12/29/2020,886.6498,905.3369,905.6418,872.3316
12/28/2020,904.4209,941.9006,946.198,904.3452
12/24/2020,921.2843,925.0926,931.2919,911.5803
12/23/2020,926.009,929.9729,937.3315,913.9488
12/22/2020,920.122,900.3022,928.8658,899.726
12/21/2020,889.258,861.0864,889.4315,858.3007
12/18/2020,877.388,866.29,890.7031,864.833
12/17/2020,862.132,853.5216,862.1647,845.4732
12/16/2020,846.7633,848.0012,850.3048,827.0676
12/15/2020,849.4107,817.3398,850.8272,816.849
12/14/2020,805.622,815.3619,818.0061,799.2473
12/11/2020,805.0072,807.2552,818.3265,793.3162
12/10/2020,809.9132,793.803,813.9027,788.6219
12/09/2020,801.7171,840.377,841.4065,791.0718
12/08/2020,838.9718,811.0149,841.4454,810.936
12/07/2020,808.7516,801.3397,813.5302,800.7694
12/04/2020,800.6991,798.4409,801.3502,792.6308
12/03/2020,793.0777,808.4485,811.4564,792.079
12/02/2020,802.2806,784.9124,803.5207,762.9482
12/01/2020,806.1581,835.3889,835.6944,802.7189
11/30/2020,826.8273,857.4954,858.8472,807.0127
11/27/2020,848.9448,846.1689,861.4018,845.3183
11/25/2020,837.2823,821.8941,840.337,811.4784
11/24/2020,828.7012,831.3595,840.7561,806.3802
11/23/2020,819.1748,785.8391,819.8329,785.5122
11/20/2020,773.5575,765.8547,779.0364,763.7544
11/19/2020,761.9059,742.5662,763.3769,741.918
11/18/2020,740.9966,747.1296,756.3113,734.9339
11/17/2020,746.4635,742.3523,755.0694,728.5996
11/16/2020,738.7802,725.5259,738.8348,715.8026
11/13/2020,719.6487,730.7277,747.0427,706.2779
11/12/2020,723.1068,720.9855,733.1124,718.5736
11/11/2020,720.9166,704.3657,720.9166,698.7616
11/10/2020,693.5073,713.0431,716.0416,676.2168
11/09/2020,711.2312,729.1138,737.1118,711.0933
11/06/2020,704.8578,703.347,715.7212,693.9658
11/05/2020,699.7867,661.7894,700.0821,661.3713
11/04/2020,644.3162,642.1827,652.4579,626.4228
11/03/2020,649.8291,639.4086,651.5947,637.0629
11/02/2020,641.6772,624.1818,645.309,623.4589
10/30/2020,617.8805,629.958,632.0282,606.4079
10/29/2020,633.8914,617.4096,637.0083,617.4096
10/28/2020,617.4607,618.7818,625.356,614.0447
10/27/2020,625.2385,627.5714,634.1081,620.6797
10/26/2020,626.5101,629.995,638.2875,613.8243
10/23/2020,641.4695,645.2455,650.0599,633.2211
10/22/2020,639.9739,639.9732,641.68,622.9305
10/21/2020,635.4888,663.424,666.971,635.3277
10/20/2020,663.0392,661.0522,669.5667,657.0633
10/19/2020,657.6417,660.8645,671.0177,656.2426
10/16/2020,657.5331,666.6063,670.4797,657.0924
10/15/2020,660.0247,646.0732,661.1136,643.8818
10/14/2020,660.6513,654.2421,664.369,652.1967
10/13/2020,646.1173,640.7855,648.1552,638.7409
10/12/2020,644.5433,658.6486,658.6486,640.8618
10/09/2020,653.5419,643.0642,655.9545,642.2216
10/08/2020,638.6345,653.7121,654.7447,634.4329
10/07/2020,644.8338,625.5659,647.0048,625.476
10/06/2020,614.7015,621.1823,629.7711,608.6899
10/05/2020,617.5699,597.9403,617.9238,597.8322
10/02/2020,587.8127,576.515,598.2713,576.1055
10/01/2020,594.7681,586.6751,594.787,585.2521
09/30/2020,577.9831,569.0341,585.0316,569.0341
09/29/2020,566.9368,553.293,569.4876,553.166
09/28/2020,553.6968,540.4251,554.2337,540.3858
09/25/2020,529.1529,511.9321,530.0043,511.757
09/24/2020,512.3191,504.5504,519.9625,494.0264
09/23/2020,511.4937,530.5241,534.739,510.6983
09/22/2020,535.0905,532.6891,535.8142,524.7257
09/21/2020,534.3087,528.9452,534.3516,516.1091
09/18/2020,541.0407,545.2735,550.8849,533.4955
09/17/2020,537.5872,530.9299,542.1171,530.6122
09/16/2020,551.0741,551.119,559.5147,548.7465
09/15/2020,550.069,543.8617,556.3605,543.377
09/14/2020,535.9129,519.4955,536.5212,516.195
09/11/2020,511.9705,517.4252,518.9603,505.6189
09/10/2020,511.8654,525.1522,529.4577,508.7848
09/09/2020,519.8174,509.2287,521.512,508.9997
09/08/2020,498.0962,498.8611,515.2881,491.6761
09/04/2020,524.5787,529.1844,535.697,488.3299
09/03/2020,526.9788,553.755,555.7108,523.2361
09/02/2020,566.356,573.6178,576.3436,548.8155
09/01/2020,572.1895,565.3042,572.2186,560.173
08/31/2020,564.1907,558.7697,568.0666,554.3169
08/28/2020,557.6355,557.2773,562.2537,552.608
08/27/2020,553.2815,552.6764,560.4184,548.0156
08/26/2020,552.9457,544.2164,556.2149,544.2164
08/25/2020,541.6591,530.5509,541.7134,529.849
08/24/2020,530.327,529.7811,534.1271,522.5971
08/21/2020,523.1633,520.9505,527.5769,520.6342
08/20/2020,520.7282,518.3873,522.7633,516.6863
08/19/2020,524.6208,523.1468,529.9545,522.4418
08/18/2020,523.745,526.7041,530.1611,519.1303
08/17/2020,522.9944,513.9614,523.6642,513.9114
08/14/2020,509.6287,513.4399,516.7849,507.1673
08/13/2020,513.9251,507.9128,518.7907,507.2686
08/12/2020,506.2289,497.8014,509.3798,494.6794
08/11/2020,490.3982,504.4738,504.7874,489.1277
08/10/2020,503.5722,499.2951,506.2604,497.2857
08/07/2020,497.2713,492.8529,504.1089,490.2973
08/06/2020,492.2452,497.0387,500.1536,490.1615
08/05/2020,497.6489,487.5579,498.4042,483.7285
08/04/2020,485.3637,480.3484,485.3949,475.3265
08/03/2020,471.2726,458.8432,472.114,457.6652
07/31/2020,455.4759,459.4505,459.6742,449.2883
07/30/2020,457.5035,456.677,459.7827,454.0099
07/29/2020,462.7714,458.5004,464.5812,457.7184
07/28/2020,455.6892,463.6473,464.1175,455.3783
07/27/2020,467.8123,458.8254,468.13,455.7525
07/24/2020,456.2488,454.8954,460.507,447.0382
07/23/2020,466.7982,472.2385,477.5068,460.6664
07/22/2020,471.5785,469.5161,473.7846,467.1394
07/21/2020,469.759,477.2618,480.5324,468.7238
07/20/2020,473.7805,461.2801,474.6302,461.2482
07/17/2020,460.3411,458.3373,460.5547,454.1285
07/16/2020,457.837,458.7778,461.0072,455.4261
07/15/2020,465.8653,461.902,466.5748,454.0036
07/14/2020,454.1194,436.846,454.2481,428.8177
07/13/2020,437.4072,456.5556,466.487,436.6238
07/10/2020,446.8629,439.0088,447.0695,435.9434
07/09/2020,439.727,439.787,441.8472,426.3097
07/08/2020,435.5586,429.5981,439.5894,428.9251
07/07/2020,425.1502,421.366,429.044,417.9504
07/06/2020,423.0804,410.7009,423.2302,410.517
07/02/2020,400.2704,398.0779,403.3121,395.9191
07/01/2020,388.2768,387.9727,391.1363,387.5576
06/30/2020,387.0284,378.2617,387.6756,377.8752
06/29/2020,378.3994,369.1652,379.2439,365.7008
06/26/2020,365.775,374.8688,375.1817,365.1947
06/25/2020,375.5559,368.9776,375.5793,365.543
06/24/2020,373.3213,379.4484,381.4953,368.2727
06/23/2020,383.3787,387.3843,387.9145,382.9407
06/22/2020,381.3182,382.6051,383.1104,377.991
06/19/2020,382.1831,387.6033,389.7531,381.4936
06/18/2020,382.084,377.224,384.9697,376.9243
06/17/2020,378.3747,387.1638,387.4849,377.6012
06/16/2020,385.5984,391.708,391.7524,378.8892
06/15/2020,378.7009,358.5723,379.8492,357.75
06/12/2020,369.236,374.4159,376.3117,360.6216
06/11/2020,361.3588,369.146,375.3018,360.7967
06/10/2020,388.6408,392.3035,393.3256,384.9171
06/09/2020,390.1378,386.7058,392.861,383.8602
06/08/2020,393.5363,389.1655,393.6291,388.3038
06/05/2020,383.2327,382.6692,386.7485,380.6342
06/04/2020,372.0057,371.1411,375.6266,368.5282
06/03/2020,371.4712,365.2546,372.8739,365.1424
06/02/2020,360.1117,361.7175,362.8212,356.4474
06/01/2020,359.4055,350.0971,360.4582,349.8711
05/29/2020,350.3219,344.2615,350.5476,342.975
05/28/2020,345.4348,354.2093,355.1358,344.5097
05/27/2020,354.6346,352.8753,354.7894,341.8173
05/26/2020,349.5893,347.8469,352.7103,347.6334
05/22/2020,335.9904,339.0279,339.0279,333.8194
05/21/2020,338.5202,340.4867,342.6944,334.4411
05/20/2020,343.2106,344.1201,347.8975,341.1056
05/19/2020,337.0002,336.7083,344.0523,335.697
05/18/2020,337.7093,328.3942,338.6775,328.342
05/15/2020,315.3296,311.2372,316.0773,309.4963
05/14/2020,315.6289,306.6192,315.6289,300.7511
05/13/2020,313.0764,323.8972,324.6749,308.5886
05/12/2020,324.1676,334.9555,337.8311,324.0287
05/11/2020,333.2574,328.8781,335.1676,327.9297
05/08/2020,334.5847,327.8188,334.5847,324.3509
05/07/2020,321.6427,320.1438,322.4503,316.3367
05/06/2020,316.7413,313.7647,318.9233,311.7688
05/05/2020,309.2538,313.5344,316.4246,308.0754
05/04/2020,306.5286,298.1554,306.6294,297.1573
05/01/2020,301.9899,310.0072,312.3654,297.728
04/30/2020,319.5787,329.6051,329.9083,318.4466
04/29/2020,332.9096,322.958,333.7419,322.6076
04/28/2020,313.8094,317.5638,318.7314,309.4794
04/27/2020,310.622,300.3626,311.0469,299.8995
04/24/2020,297.0027,296.2286,298.1055,291.799
04/23/2020,294.328,294.8359,299.9066,293.5352
04/22/2020,293.2602,288.1989,294.1762,286.7298
04/21/2020,280.3084,287.6469,291.5423,279.7722
04/20/2020,294.7317,292.9599,300.333,292.1301
04/17/2020,300.6139,302.351,303.7383,297.8059
04/16/2020,292.1224,292.3158,294.2955,287.5184
04/15/2020,290.7938,293.3132,294.848,287.4681
04/14/2020,300.2217,298.6713,305.5207,296.5526
04/13/2020,288.1478,285.224,288.6051,278.4496
04/09/2020,285.5002,285.7971,292.4031,281.6015
04/08/2020,278.7351,272.3126,279.8926,268.6146
04/07/2020,268.0696,276.2654,279.4188,267.0577
04/06/2020,263.3212,253.328,264.1197,252.4153
04/03/2020,240.6393,246.102,248.5351,237.401
04/02/2020,243.4172,241.8903,252.6398,239.0756
04/01/2020,243.4688,250.1676,253.9936,241.7045
03/31/2020,262.4697,261.0745,268.6091,258.3517
03/30/2020,260.5948,259.5727,261.325,255.2292
03/27/2020,259.1222,264.7559,266.0392,258.8973
03/26/2020,276.9602,272.1939,279.525,270.2175
03/25/2020,269.6628,262.7929,278.9009,253.8039
03/24/2020,257.3132,242.3195,257.5467,242.2633
03/23/2020,225.6338,230.705,231.8894,217.6227
03/20/2020,231.0059,241.3878,250.0774,230.3497
03/19/2020,235.5137,220.5929,240.8162,214.1527
03/18/2020,220.9867,238.4705,241.1785,212.7548
03/17/2020,253.291,241.462,253.8805,228.5558
03/16/2020,237.7832,261.2118,261.2118,237.4121
03/13/2020,277.8731,282.5003,285.1438,259.0439
03/12/2020,267.2889,283.4113,283.5259,265.4715
03/11/2020,301.8708,314.9579,317.6708,296.6316
03/10/2020,322.9112,322.9644,324.6507,309.3018
03/09/2020,309.8535,324.3719,325.5236,309.5422
03/06/2020,346.7182,347.9354,350.0869,340.228
03/05/2020,356.6664,354.9105,361.1391,353.1691
03/04/2020,363.0424,360.2196,363.0529,354.9128
03/03/2020,353.6931,363.0415,367.5087,348.5906
03/02/2020,356.5055,349.0303,356.5377,340.3149
02/28/2020,342.802,327.5797,344.1631,325.8793
02/27/2020,342.015,349.3286,356.2758,338.3535
02/26/2020,362.803,364.876,372.358,361.7609
02/25/2020,367.4835,386.3526,387.0442,366.5938
02/24/2020,379.8806,381.025,384.05,379.1081
02/21/2020,397.262,400.9057,401.177,393.2931
02/20/2020,404.5704,401.0733,407.0133,394.5461
02/19/2020,401.863,393.5934,402.0615,393.3296
02/18/2020,384.1095,380.3184,384.9233,380.3184
02/14/2020,379.2014,379.6544,381.7166,377.8303
02/13/2020,380.0317,373.1064,381.5588,372.5096
02/12/2020,378.4993,375.1833,378.8018,375.1711
02/11/2020,372.1726,368.078,373.9237,367.6068
02/10/2020,366.4264,363.2227,367.3811,362.793
02/07/2020,360.5305,364.1091,365.4862,358.8848
02/06/2020,366.8202,364.1931,370.993,362.4215
02/05/2020,365.6626,370.9359,372.6477,360.9807
02/04/2020,373.8575,365.8102,380.0191,364.5548
02/03/2020,354.503,345.1452,355.8103,344.5715
01/31/2020,344.1331,347.2072,349.5299,342.4462
01/30/2020,349.9906,346.7714,350.7359,345.8535
01/29/2020,346.0636,348.5537,348.8231,344.5214
01/28/2020,346.7404,342.8666,347.41,341.8392
01/27/2020,339.4245,340.9704,342.4465,338.5736
01/24/2020,351.136,356.5672,356.5716,349.0032
01/23/2020,354.4228,350.959,354.7214,348.0919
01/22/2020,352.3315,356.3432,357.6365,350.9031
01/21/2020,353.3651,350.5966,354.1994,349.5205
01/17/2020,350.4142,349.5237,350.7947,348.6553
01/16/2020,348.6906,347.0601,349.0251,345.774
01/15/2020,346.5994,346.6346,348.8027,345.4902
01/14/2020,347.804,346.4739,350.2409,343.4135
01/13/2020,344.7283,338.616,345.2288,338.616
01/10/2020,335.2622,336.6888,337.4664,334.5229
01/09/2020,336.1239,338.1773,338.638,333.9179
01/08/2020,336.2872,332.5837,337.6918,332.0959
01/07/2020,333.0719,331.3556,334.3893,330.5628
01/06/2020,330.1516,327.1139,330.2337,326.4961
01/03/2020,329.748,326.8619,331.1068,326.6056
01/02/2020,330.2998,327.961,330.3033,325.1767
12/31/2019,324.9099,321.9418,326.1376,321.909
12/30/2019,323.5155,324.6273,326.6484,320.5142
12/27/2019,323.7758,326.9406,326.979,323.1925
12/26/2019,326.1539,323.8256,326.3183,323.2977
12/24/2019,323.1336,322.4525,323.1367,321.0798
12/23/2019,322.5671,321.0587,322.5886,320.3653
12/20/2019,319.9206,319.4992,320.5176,319.3527
12/19/2019,318.2027,317.2932,318.7816,316.3591
12/18/2019,316.7072,314.7904,316.8949,313.8572
12/17/2019,314.5083,313.2555,314.603,312.7417
12/16/2019,312.8934,309.9688,314.3815,309.9604
12/13/2019,307.6499,307.862,310.8577,306.396
12/12/2019,307.9657,304.4873,308.198,304.3748
12/11/2019,304.2103,301.8065,304.5691,301.8024
12/10/2019,301.1003,299.4145,301.7724,299.1458
12/09/2019,299.5183,301.4422,302.044,299.5183
12/06/2019,301.5383,300.5494,302.3855,300.3978
12/05/2019,298.027,299.8738,300.2582,297.4246
12/04/2019,299.0094,298.8216,301.3233,298.8216
12/03/2019,296.8933,293.98,297.1702,293.2244
12/02/2019,297.6269,299.1992,299.6923,296.5536
11/29/2019,298.5961,300.8544,300.9616,298.4577
11/27/2019,302.0812,297.7084,302.0913,297.6782
11/26/2019,297.1349,296.6982,297.2063,296.039
11/25/2019,296.5579,292.6719,296.6266,292.3779
11/22/2019,290.8446,291.4999,291.5695,288.6096
11/21/2019,292.3002,293.6952,294.5099,291.5043
11/20/2019,293.0781,295.3893,296.4692,291.8876
11/19/2019,296.3153,296.909,297.3817,293.7061
11/18/2019,295.4913,296.7973,296.8557,295.1458
11/15/2019,297.0859,295.7136,297.326,295.5511
11/14/2019,293.7302,292.4464,294.0793,291.1168
11/13/2019,292.5966,294.6257,294.6257,292.1313
11/12/2019,295.4325,296.1481,298.6696,294.7044
11/11/2019,294.9519,293.7129,295.4902,293.4293
11/08/2019,294.047,293.4144,294.1474,292.4413
11/07/2019,294.4443,294.9086,297.3163,293.7996
11/06/2019,293.7366,295.2091,295.4994,292.1394
11/05/2019,295.6412,293.0305,296.1197,292.9221
11/04/2019,292.149,291.4951,292.829,289.8935
11/01/2019,289.0283,287.007,289.0902,285.8246
10/31/2019,286.064,285.2714,286.5975,283.5923
10/30/2019,284.1819,286.2819,286.7331,282.7993
10/29/2019,288.4314,289.553,290.3705,288.2868
10/28/2019,290.3527,289.4819,291.531,289.4819
10/25/2019,287.4975,285.2112,287.6599,281.1119
10/24/2019,285.2284,285.9804,286.6418,283.6304
10/23/2019,279.4516,278.4569,280.3088,277.6153
10/22/2019,279.5886,281.7649,282.3754,278.3237
10/21/2019,281.9019,281.4725,282.8947,281.0721
10/18/2019,279.528,279.3849,281.1372,277.3547
10/17/2019,280.0306,279.5326,280.9788,278.8076
10/16/2019,277.9932,278.9822,279.387,277.0278
10/15/2019,279.5673,278.0672,280.2599,277.2933
10/14/2019,277.5485,277.2762,278.0767,276.9524
10/11/2019,277.9935,277.5092,280.0934,277.4788
10/10/2019,274.4281,273.3226,277.333,273.1357
10/09/2019,272.6614,273.093,273.7116,271.7863
10/08/2019,270.531,271.9799,274.0515,270.2381
10/07/2019,274.1856,275.8658,276.0704,273.7716
10/04/2019,275.3588,272.1346,275.4394,271.544
10/03/2019,271.6517,268.9781,271.7914,265.6928
10/02/2019,269.8445,271.3103,272.019,267.6163
10/01/2019,274.5309,280.7852,281.0393,273.5959
09/30/2019,279.5397,278.9354,280.3544,277.4003
09/27/2019,278.116,282.7678,283.0884,276.3814
09/26/2019,282.572,286.1048,286.3282,282.0679
09/25/2019,285.4454,282.2938,285.7369,280.6372
09/24/2019,283.0451,292.9303,292.9303,282.3098
09/23/2019,291.9833,289.5794,293.6159,289.2219
09/20/2019,290.1638,292.0783,292.975,288.5275
09/19/2019,291.5064,289.7393,293.7527,289.7268
09/18/2019,288.7642,289.0086,289.5695,285.9278
09/17/2019,289.2018,285.5273,289.5095,285.3059
09/16/2019,286.7629,285.9051,288.1409,285.196
09/13/2019,286.3302,285.7525,287.298,285.232
09/12/2019,284.7887,287.6521,287.8516,283.0407
09/11/2019,287.5612,282.4676,287.8807,280.7905
09/10/2019,281.1742,278.6919,281.2132,276.4332
09/09/2019,280.3256,282.0716,282.4704,278.9252
09/06/2019,280.6797,281.3912,282.1869,279.7644
09/05/2019,280.6673,279.7482,283.0122,279.2818
09/04/2019,276.1769,273.9352,276.3216,273.8915
09/03/2019,271.0919,273.0929,274.7998,270.2769
08/30/2019,276.1561,278.6317,278.9743,274.4464
08/29/2019,276.0022,275.9424,277.2568,274.7179
08/28/2019,272.5705,269.4496,273.4896,268.6549
08/27/2019,270.4913,274.5142,275.4233,269.7854
08/26/2019,272.6328,273.1615,273.4838,271.179
08/23/2019,270.2724,277.0088,278.7624,269.7881
08/22/2019,279.3575,281.9519,282.2221,277.5968
08/21/2019,281.8472,283.7356,284.0254,280.9204
08/20/2019,281.8375,282.1737,283.0058,280.6184
08/19/2019,282.3897,282.5927,283.7493,281.02
08/16/2019,277.9415,273.1718,278.2943,273.1568
08/15/2019,271.317,273.8366,274.0184,269.3998
08/14/2019,272.83,278.1784,278.2855,272.3775
08/13/2019,283.3864,277.8098,285.9465,276.929
08/12/2019,278.6694,280.7746,281.1355,277.696
08/09/2019,282.5647,286.4499,286.5088,282.2263
08/08/2019,288.4489,283.0242,288.4596,282.7128
08/07/2019,282.031,274.7894,282.4335,274.3395
08/06/2019,275.9097,275.053,277.2719,272.7071
08/05/2019,271.4339,276.77,276.77,268.75
08/02/2019,284.0171,285.9706,286.0402,281.3647
08/01/2019,286.7818,290.2541,296.6502,285.849
07/31/2019,288.7576,292.0703,293.2923,286.7518
07/30/2019,290.6655,286.3427,290.675,285.7093
07/29/2019,288.6408,287.9169,288.7254,285.6509
07/26/2019,288.1856,287.5816,288.7628,286.542
07/25/2019,286.8762,289.547,289.6279,286.0667
07/24/2019,293.9039,289.0949,294.3171,288.667
07/23/2019,289.1774,287.7788,289.2563,286.8233
07/22/2019,286.1903,286.0072,287.869,285.5172
07/19/2019,285.6584,285.6454,287.8604,285.5582
07/18/2019,284.9496,283.281,285.3896,282.8959
07/17/2019,283.3475,283.8966,285.0118,282.4532
07/16/2019,283.2837,282.4485,284.5548,281.7417
07/15/2019,283.688,283.5819,283.7647,281.5137
07/12/2019,282.3783,279.4548,282.595,279.3317
07/11/2019,278.4827,281.1252,281.1252,277.5995
07/10/2019,280.6776,281.9152,282.5789,279.4409
07/09/2019,280.1418,277.7105,280.1418,277.6187
07/08/2019,278.9462,279.97,280.0585,278.3991
